date,open,high,low,close,adj_close,volume
2022-12-16,56.0,56.0,56.0,56.0,55.7,720
2022-12-19,56.85,56.875,56.75,56.75,56.45,4700
2022-12-20,56.75,56.75,56.75,56.75,56.45,0
2022-12-21,57.45,57.45,56.545,56.89,56.58,9087
2022-12-22,58.75,58.75,57.0,57.65,57.34,24172
2022-12-23,58.25,58.25,57.75,57.805,57.5,3859
2022-12-27,58.0,58.0,57.625,57.625,57.32,200
2022-12-28,58.0,58.0,57.09,57.51,57.2,2571
2022-12-29,58.25,58.64,58.0,58.13,57.82,28490
2022-12-30,57.75,58.575,57.75,58.295,57.98,9565
2023-01-03,58.73,59.0,55.92,56.02,55.72,89032
2023-01-04,54.27,60.69,53.61,60.2,59.88,1392759
2023-01-05,60.5,62.92,58.16,58.99,58.67,483917
2023-01-06,59.32,59.535,57.9,58.96,58.64,232564
2023-01-09,58.86,59.98,57.75,58.14,57.83,334162
2023-01-10,59.08,60.03,58.07,60.0,59.68,458675
2023-01-11,60.41,66.295,60.1,65.0,64.65,610394
2023-01-12,66.1,66.52,63.7,65.65,65.3,486683
2023-01-13,64.89,65.47,63.78,65.44,65.09,273544
2023-01-17,64.17,64.79,63.26,63.35,63.01,172813
2023-01-18,63.1,63.18,61.99,62.01,61.68,128370
2023-01-19,61.45,64.5,61.45,63.955,63.61,165521
2023-01-20,63.7,67.73,63.63,66.76,66.4,158202
2023-01-23,66.955,69.9,66.865,69.52,69.15,255721
2023-01-24,68.86,70.63,68.86,69.66,69.29,131983
2023-01-25,68.43,69.595,66.95,68.7,68.33,100641
2023-01-26,68.56,69.44,67.8,69.23,68.86,124119
2023-01-27,68.745,70.51,68.595,70.08,69.7,139453
2023-01-30,68.53,73.915,68.05,71.5,71.12,221505
2023-01-31,71.0,71.0,68.5,69.5,69.13,246765
2023-02-01,69.145,70.545,67.54,69.985,69.61,178503
2023-02-02,69.66,71.85,69.025,70.63,70.25,184281
2023-02-03,69.63,70.605,69.1,70.54,70.16,154432
2023-02-06,69.99,72.295,69.695,71.87,71.48,161498
2023-02-07,71.425,72.155,71.1,71.6,71.22,222368
2023-02-08,71.25,71.42,70.03,70.2,69.82,57363
2023-02-09,70.43,70.7,68.23,68.4,68.03,54113
2023-02-10,68.55,69.53,68.245,69.25,68.88,115357
2023-02-13,68.64,69.87,67.95,69.4,69.03,189312
2023-02-14,68.76,73.17,68.76,72.61,72.22,154218
2023-02-15,72.74,73.54,71.8,72.29,71.9,152278
2023-02-16,71.465,71.82,70.39,70.87,70.49,125218
2023-02-17,71.46,73.45,71.41,73.17,72.78,165332
2023-02-21,72.97,73.07,72.26,72.4,72.01,145664
2023-02-22,72.62,72.92,70.86,71.89,71.5,309841
2023-02-23,72.63,76.19,72.63,75.88,75.47,253160
2023-02-24,74.995,75.38,74.24,74.97,74.57,243134
2023-02-27,75.125,76.98,74.72,76.04,75.63,236460
2023-02-28,76.08,76.31,75.3,76.0,75.59,86392
2023-03-01,75.445,75.73,75.03,75.27,74.87,97667
2023-03-02,74.845,75.45,74.625,75.02,74.62,110941
2023-03-03,75.305,76.86,75.25,76.375,75.97,97028
2023-03-06,75.86,77.12,75.75,76.68,76.27,204040
2023-03-07,76.46,76.75,75.94,76.29,75.88,177493
2023-03-08,76.365,77.37,76.24,76.66,76.25,123133
2023-03-09,77.06,77.365,75.92,76.38,75.97,158356
2023-03-10,75.87,76.405,74.515,74.99,74.59,401791
2023-03-13,74.7,77.435,74.13,76.26,75.85,117441
2023-03-14,77.13,78.75,76.4,77.2,76.79,99332
2023-03-15,75.93,76.72,75.6,76.69,76.28,144254
2023-03-16,76.14,77.415,75.88,76.6,76.19,110347
2023-03-17,76.805,77.53,75.51,75.8,75.39,87598
2023-03-20,75.595,75.77,74.68,75.16,74.76,83933
2023-03-21,75.68,76.67,75.62,76.48,76.07,74209
2023-03-22,76.38,76.7,74.89,74.89,74.49,76597
2023-03-23,75.395,76.645,74.925,75.7,75.29,91539
2023-03-24,75.08,76.47,75.0,76.395,75.99,29887
2023-03-27,76.82,77.34,76.28,76.39,75.98,37907
2023-03-28,76.4,76.94,76.215,76.94,76.53,42768
2023-03-29,77.77,79.42,77.18,79.2,78.78,137243
2023-03-30,79.77,82.25,79.5,82.13,81.69,126468
2023-03-31,82.26,82.5,81.66,82.04,81.6,83343
2023-04-03,81.94,82.51,81.56,81.81,81.37,89231
2023-04-04,81.835,82.125,81.51,81.55,81.11,45047
2023-04-05,81.665,81.725,80.67,81.07,80.64,130016
2023-04-06,80.815,81.03,80.09,80.18,79.75,75480
2023-04-10,79.92,80.62,79.79,80.54,80.11,101303
2023-04-11,80.42,80.68,79.97,80.545,80.11,76570
2023-04-12,80.77,81.805,80.64,81.76,81.32,110024
2023-04-13,81.595,83.135,81.38,82.97,82.53,94933
2023-04-14,82.78,83.23,81.98,82.38,81.94,68266
2023-04-17,82.275,83.1,82.275,82.71,82.27,26891
2023-04-18,83.11,84.12,83.0,83.68,83.23,102171
2023-04-19,83.82,86.86,83.75,85.8,85.34,106224
2023-04-20,85.44,86.265,84.74,84.985,84.53,99993
2023-04-21,85.4,86.495,85.22,86.49,86.03,128925
2023-04-24,86.67,87.8,86.46,87.8,87.33,102300
2023-04-25,83.0,83.1,78.94,80.425,79.99,774549
2023-04-26,79.6,80.24,77.585,80.105,79.68,169127
2023-04-27,80.81,81.505,80.715,81.49,81.05,112499
2023-04-28,81.59,81.725,81.07,81.36,80.92,57688
2023-05-01,81.25,81.7,80.73,80.78,80.35,129811
2023-05-02,80.29,80.6,77.915,78.44,78.02,144855
2023-05-03,78.54,80.34,78.03,79.72,79.29,103311
2023-05-04,80.145,80.26,77.7,78.27,77.85,104848
2023-05-05,79.07,79.465,78.86,79.0,78.58,46860
2023-05-08,78.81,79.485,78.74,79.43,79.0,31332
2023-05-09,78.775,78.785,76.18,76.37,75.96,130308
2023-05-10,76.59,76.63,74.97,75.88,75.47,97865
2023-05-11,75.655,75.655,74.71,75.01,74.61,95214
2023-05-12,74.955,75.0,74.3,74.95,74.55,100955
2023-05-15,75.17,75.53,74.71,74.87,74.47,69710
2023-05-16,75.3,78.25,75.3,77.79,77.37,71490
2023-05-17,78.1,80.58,76.3,80.32,79.89,97940
2023-05-18,80.59,80.715,79.22,79.7,79.27,45660
2023-05-19,80.31,80.92,79.12,79.345,78.92,49657
2023-05-22,79.36,79.36,78.77,79.06,78.67,98878
2023-05-23,78.92,79.715,77.1,77.17,76.79,44740
2023-05-24,77.03,77.07,76.11,76.45,76.07,71364
2023-05-25,76.52,80.05,75.685,79.87,79.47,195979
2023-05-26,80.11,80.11,78.38,78.43,78.04,171593
2023-05-30,78.4,79.0,77.43,78.02,77.63,120348
2023-05-31,78.58,79.675,77.75,79.515,79.12,336347
2023-06-01,79.73,80.06,78.945,79.83,79.43,114812
2023-06-02,80.55,80.86,79.9,79.945,79.55,171196
2023-06-05,80.18,80.59,78.845,80.53,80.13,47807
2023-06-06,78.585,82.945,78.2,82.945,82.53,389395
2023-06-07,82.155,82.17,80.22,80.395,79.99,132838
2023-06-08,77.37,78.385,76.75,77.77,77.38,923845
2023-06-09,78.045,78.38,77.06,77.08,76.7,188772
2023-06-12,77.375,78.3,76.91,78.3,77.91,191530
2023-06-13,78.405,78.405,76.72,77.78,77.39,189995
2023-06-14,78.05,78.76,77.48,78.55,78.16,135510
2023-06-15,78.6,79.15,78.255,79.11,78.72,106113
2023-06-16,79.29,80.04,78.525,78.61,78.22,128567
2023-06-20,78.38,79.135,77.78,78.915,78.52,123347
2023-06-21,78.615,80.0,78.615,79.66,79.26,166254
2023-06-22,79.87,80.74,79.63,80.22,79.82,149534
2023-06-23,79.9,80.295,79.01,79.77,79.37,131744
2023-06-26,79.92,80.21,77.75,77.79,77.4,82359
2023-06-27,78.23,78.28,76.24,77.08,76.7,128307
2023-06-28,76.86,77.22,76.35,77.21,76.83,106404
2023-06-29,77.42,78.7,77.36,78.7,78.31,115106
2023-06-30,79.43,81.345,79.4,81.24,80.83,129581
2023-07-03,81.345,81.41,79.91,80.7,80.3,49171
2023-07-05,80.375,81.28,80.02,80.62,80.22,106970
2023-07-06,79.84,80.26,79.0,79.14,78.75,117908
2023-07-07,78.75,80.095,78.31,79.6,79.2,111284
2023-07-10,80.21,80.76,80.06,80.62,80.22,97704
2023-07-11,80.7,81.445,80.235,81.25,80.84,57808
2023-07-12,81.89,82.66,81.535,81.68,81.27,64659
2023-07-13,81.595,81.97,80.92,81.4,80.99,50756
2023-07-14,81.59,82.14,81.345,81.795,81.39,64290
2023-07-17,81.91,82.33,81.1,81.15,80.75,76622
2023-07-18,80.83,82.79,80.83,82.43,82.02,107145
2023-07-19,82.885,82.92,81.67,81.77,81.36,73720
2023-07-20,82.2,83.13,81.8,81.87,81.49,106176
2023-07-21,82.15,83.11,82.075,82.6,82.22,123737
2023-07-24,82.42,82.59,80.28,80.63,80.26,170804
2023-07-25,80.975,82.26,78.615,80.195,79.82,201846
2023-07-26,80.08,80.17,77.3,77.43,77.07,101316
2023-07-27,77.86,78.79,76.25,76.86,76.5,133110
2023-07-28,77.43,78.19,76.89,77.89,77.53,52362
2023-07-31,77.575,78.03,76.29,78.01,77.65,127952
2023-08-01,77.405,78.03,77.13,77.7,77.34,84805
2023-08-02,77.47,77.78,76.16,76.56,76.21,89119
2023-08-03,76.59,76.635,75.71,76.05,75.7,96944
2023-08-04,75.91,76.71,75.68,75.91,75.56,72956
2023-08-07,76.155,76.155,75.19,75.61,75.26,47094
2023-08-08,75.29,75.33,73.355,73.93,73.59,118327
2023-08-09,73.715,74.855,73.44,73.95,73.61,97632
2023-08-10,74.075,74.56,72.125,72.31,71.98,124876
2023-08-11,71.94,72.02,70.91,71.56,71.23,144396
2023-08-14,71.44,71.85,70.94,71.79,71.46,93423
2023-08-15,71.705,71.705,70.195,70.55,70.22,147886
2023-08-16,71.19,72.24,70.42,70.64,70.31,127354
2023-08-17,70.52,70.52,68.25,68.37,68.05,147303
2023-08-18,68.18,68.71,67.905,68.34,68.02,112736
2023-08-21,69.33,69.37,68.67,68.96,68.64,88926
2023-08-22,69.335,69.335,68.675,68.93,68.61,95856
2023-08-23,69.23,69.51,68.84,68.98,68.66,79014
2023-08-24,69.44,69.44,68.305,68.42,68.1,132131
2023-08-25,68.54,68.86,67.64,68.59,68.27,70515
2023-08-28,68.77,69.635,68.77,69.31,68.99,97074
2023-08-29,69.38,70.5,69.38,70.49,70.16,51184
2023-08-30,70.64,70.98,70.24,70.39,70.06,56239
2023-08-31,70.5,71.1,69.92,70.46,70.13,113552
2023-09-01,70.825,70.825,69.11,69.2,68.88,99615
2023-09-05,68.865,68.865,67.43,67.69,67.38,113687
2023-09-06,67.53,67.67,66.07,67.01,66.7,118755
2023-09-07,67.94,67.94,65.83,65.91,65.61,86028
2023-09-08,65.65,65.66,64.735,64.91,64.61,78546
2023-09-11,65.435,67.29,65.39,66.61,66.3,165594
2023-09-12,66.29,66.355,65.23,65.39,65.09,119652
2023-09-13,65.73,65.875,64.22,64.5,64.2,81481
2023-09-14,64.91,66.06,64.715,65.98,65.68,111956
2023-09-15,66.13,66.5,65.58,66.44,66.13,119408
2023-09-18,65.87,66.96,65.87,66.32,66.01,69487
2023-09-19,66.66,66.66,65.365,66.11,65.8,47608
2023-09-20,65.83,66.54,64.91,65.01,64.71,45122
2023-09-21,64.88,64.88,63.82,63.89,63.59,55761
2023-09-22,63.895,64.805,63.81,64.34,64.04,68834
2023-09-25,64.44,67.035,64.44,66.465,66.16,124858
2023-09-26,66.35,67.405,66.18,66.22,65.91,121001
2023-09-27,66.88,68.405,66.3,68.28,67.96,141469
2023-09-28,68.74,70.54,68.02,69.78,69.46,113811
2023-09-29,70.08,70.08,67.945,68.04,67.73,92202
2023-10-02,67.9,68.66,67.64,67.84,67.53,55809
2023-10-03,67.28,67.28,66.46,67.02,66.71,44874
2023-10-04,67.25,68.07,66.53,67.9,67.59,86720
2023-10-05,68.28,68.415,66.7,67.62,67.31,77366
2023-10-06,67.05,68.99,66.65,68.46,68.14,66211
2023-10-09,67.8,68.06,67.25,67.81,67.5,61355
2023-10-10,67.98,68.62,67.69,68.15,67.84,69660
2023-10-11,67.98,68.17,67.07,67.8,67.49,50289
2023-10-12,67.56,67.63,66.17,66.5,66.19,66851
2023-10-13,66.29,67.57,66.29,67.14,66.83,51606
2023-10-16,67.255,67.345,66.41,66.86,66.55,49860
2023-10-17,66.46,67.365,66.145,66.805,66.5,27764
2023-10-18,66.15,66.245,65.13,65.25,64.95,53861
2023-10-19,65.01,66.65,64.98,65.46,65.19,71920
2023-10-20,65.0,65.18,63.875,64.05,63.78,67856
2023-10-23,63.93,64.53,63.37,64.02,63.75,94835
2023-10-24,64.21,65.02,63.98,64.655,64.39,117676
2023-10-25,64.2,64.97,64.01,64.52,64.25,162100
2023-10-26,64.205,64.68,63.6,63.96,63.69,66184
2023-10-27,64.245,64.275,62.72,63.18,62.92,131998
2023-10-30,63.47,63.64,62.37,63.14,62.88,239190
2023-10-31,66.73,67.69,65.785,66.63,66.35,284563
2023-11-01,66.84,68.44,66.03,68.28,68.0,135317
2023-11-02,69.585,69.71,68.36,69.27,68.98,137096
2023-11-03,69.875,71.89,69.67,71.65,71.35,189795
2023-11-06,71.755,71.95,70.785,71.15,70.85,100026
2023-11-07,71.2,71.44,70.69,70.72,70.43,41755
2023-11-08,70.82,70.82,69.545,70.02,69.73,79581
2023-11-09,69.865,70.035,68.05,68.32,68.04,57442
2023-11-10,68.725,69.565,68.395,69.56,69.27,65762
2023-11-13,69.64,70.54,69.63,70.005,69.71,88507
2023-11-14,70.86,72.32,70.68,72.225,71.92,79626
2023-11-15,72.155,72.52,71.49,71.535,71.24,109626
2023-11-16,72.13,72.645,71.5,71.88,71.58,77174
2023-11-17,72.25,73.34,72.13,72.995,72.69,76033
2023-11-20,72.79,73.445,72.78,73.35,73.04,39894
2023-11-21,73.09,73.69,72.59,73.43,73.12,54330
2023-11-22,73.855,74.11,73.225,73.6,73.29,42879
2023-11-24,73.84,73.84,73.43,73.69,73.38,16361
2023-11-27,71.13,71.425,70.56,71.17,70.87,173442
2023-11-28,70.64,70.64,68.11,68.115,67.83,254849
2023-11-29,68.24,68.8,67.46,67.71,67.43,91362
2023-11-30,67.66,68.62,66.53,68.48,68.19,68040
2023-12-01,68.26,69.66,68.205,69.39,69.1,52412
2023-12-04,69.13,69.765,68.9,69.36,69.07,40631
2023-12-05,69.04,69.04,67.76,67.96,67.68,66139
2023-12-06,68.42,68.66,67.95,68.06,67.78,33839
2023-12-07,68.155,68.155,67.005,67.38,67.1,79122
2023-12-08,67.215,68.61,67.05,68.55,68.26,48694
2023-12-11,69.3,71.31,69.3,71.14,70.84,136079
2023-12-12,71.31,72.38,71.26,72.0,71.7,68337
2023-12-13,72.69,74.27,72.57,74.1,73.79,117736
2023-12-14,74.73,76.28,74.54,75.91,75.59,145718
2023-12-15,76.52,76.56,74.49,75.09,74.78,79223
2023-12-18,75.03,75.51,74.71,75.07,74.76,112926
2023-12-19,75.275,75.78,75.0,75.73,75.41,68331
2023-12-20,75.1,76.57,75.0,75.46,75.15,74518
2023-12-21,76.11,77.6,76.11,77.185,76.86,85569
2023-12-22,77.685,77.685,77.0,77.625,77.3,45424
2023-12-26,77.64,78.32,77.64,78.16,77.83,39403
2023-12-27,78.11,78.12,77.38,77.69,77.37,35845
2023-12-28,77.87,77.96,77.26,77.55,77.23,71214
2023-12-29,77.0,77.55,76.96,77.33,77.01,30800
2024-01-02,76.67,77.37,75.71,76.38,76.06,75386
2024-01-03,76.165,76.63,75.475,76.11,75.79,78165
2024-01-04,75.865,76.935,75.865,76.59,76.27,67709
2024-01-05,75.99,77.36,75.7,76.615,76.3,63533
2024-01-08,76.83,77.445,76.395,77.35,77.03,55017
2024-01-09,77.035,77.65,74.46,76.65,76.33,164839
2024-01-10,76.1,76.575,74.89,76.15,75.83,136738
2024-01-11,75.64,76.325,74.805,76.3,75.98,103924
2024-01-12,76.285,76.35,75.445,76.15,75.86,65592
2024-01-16,75.595,75.595,74.58,74.98,74.7,108869
2024-01-17,74.075,74.08,72.03,72.77,72.5,173822
2024-01-18,72.94,73.75,72.45,73.52,73.24,137802
2024-01-19,73.445,74.1,73.26,74.1,73.82,154133
2024-01-22,74.27,75.44,74.27,74.63,74.35,99311
2024-01-23,74.25,74.435,72.7,73.7,73.42,95267
2024-01-24,73.51,73.625,71.32,71.55,71.28,111058
2024-01-25,72.3,73.01,71.47,72.865,72.59,65791
2024-01-26,73.02,73.24,72.49,73.165,72.89,125295
2024-01-29,72.775,74.42,72.51,74.39,74.11,94815
2024-01-30,73.805,74.325,73.31,73.96,73.68,46976
2024-01-31,73.96,74.47,73.11,73.33,73.05,104742
2024-02-01,73.35,75.1,73.03,74.345,74.06,108014
2024-02-02,73.235,74.34,72.94,73.87,73.59,120783
2024-02-05,72.99,73.57,72.645,73.44,73.16,165974
2024-02-06,76.955,83.06,76.765,81.97,81.66,482649
2024-02-07,82.04,82.46,80.23,81.81,81.5,210928
2024-02-08,81.835,82.1,80.495,82.1,81.79,100558
2024-02-09,82.42,82.62,80.625,81.3,80.99,102232
2024-02-12,81.93,83.305,81.48,83.215,82.9,68418
2024-02-13,82.25,82.55,81.205,82.395,82.08,51226
2024-02-14,83.0,83.29,82.54,83.15,82.84,43867
2024-02-15,84.01,85.7,83.95,85.65,85.33,46397
2024-02-16,83.51,87.29,83.5,86.1,85.78,531780
2024-02-20,85.9,86.795,85.61,86.395,86.07,187379
2024-02-21,82.26,85.21,82.135,85.0,84.68,269693
2024-02-22,85.5,88.08,85.04,87.6,87.27,112307
2024-02-23,87.5,89.72,87.265,89.06,88.72,99208
2024-02-26,88.91,90.69,88.87,90.615,90.27,112728
2024-02-27,89.905,92.57,89.55,92.55,92.2,115200
2024-02-28,92.435,93.91,92.435,93.05,92.7,102407
2024-02-29,93.24,93.25,89.04,91.27,90.93,210061
2024-03-01,90.825,93.055,90.6,92.71,92.36,116974
2024-03-04,92.94,93.495,92.425,92.72,92.37,65447
2024-03-05,92.63,93.455,91.53,91.81,91.46,85680
2024-03-06,91.63,94.035,91.63,93.12,92.77,86473
2024-03-07,93.305,93.5,91.99,92.63,92.28,84759
2024-03-08,92.71,94.48,92.71,93.965,93.61,115210
2024-03-11,93.86,93.94,92.26,92.99,92.64,61143
2024-03-12,92.16,92.49,91.73,91.8,91.45,97345
2024-03-13,87.56,89.35,86.58,88.47,88.14,561726
2024-03-14,87.985,89.04,87.765,88.335,88.0,125205
2024-03-15,88.33,89.72,87.975,89.72,89.38,142933
2024-03-18,89.76,90.935,89.66,90.6,90.26,70055
2024-03-19,90.7,90.945,90.37,90.76,90.42,85591
2024-03-20,90.445,91.08,90.18,90.89,90.55,82576
2024-03-21,91.37,92.145,91.19,91.19,90.85,71282
2024-03-22,91.715,91.75,89.39,89.88,89.54,131486
2024-03-25,90.0,90.07,88.25,88.27,87.94,75191
2024-03-26,88.84,89.3,87.72,89.09,88.75,68518
2024-03-27,89.77,90.69,89.77,90.3,89.96,89354
2024-03-28,90.03,91.15,89.71,90.88,90.54,45141
2024-04-01,91.275,91.275,89.225,89.5,89.16,33399
2024-04-02,88.98,89.12,87.9,88.1,87.77,61740
2024-04-03,88.16,90.02,88.16,89.03,88.69,59800
2024-04-04,90.18,90.825,87.92,87.97,87.64,62844
2024-04-05,88.02,89.5,87.9,88.44,88.11,47639
2024-04-08,88.72,88.805,87.63,87.71,87.38,25885
2024-04-09,87.53,87.59,86.505,86.86,86.53,112501
2024-04-10,85.38,86.64,85.25,85.36,85.04,71501
2024-04-11,86.05,88.92,85.71,88.17,87.84,108118
2024-04-12,87.34,87.365,86.055,86.27,85.94,58221
2024-04-15,87.53,87.72,85.54,86.13,85.81,42691
2024-04-16,86.05,86.38,85.42,85.89,85.57,77625
2024-04-17,85.93,86.18,85.18,85.18,84.86,79911
2024-04-18,85.495,86.105,84.67,84.98,84.69,66951
2024-04-19,85.24,85.58,84.1,84.5,84.21,56708
2024-04-22,84.87,85.075,84.215,84.31,84.02,110450
2024-04-23,84.95,86.64,84.95,86.26,85.97,82023
2024-04-24,86.025,87.16,86.025,86.665,86.37,52852
2024-04-25,85.96,85.99,84.75,85.91,85.62,43899
2024-04-26,85.74,86.88,85.725,86.19,85.9,42433
2024-04-29,86.38,89.15,86.38,88.97,88.67,161728
2024-04-30,80.56,82.125,76.09,76.355,76.09,711076
2024-05-01,76.565,79.12,76.565,78.235,77.97,241790
2024-05-02,79.205,79.37,77.27,77.78,77.51,65242
2024-05-03,78.81,79.995,78.81,79.495,79.22,58476
2024-05-06,79.87,79.9,78.84,79.82,79.55,43999
2024-05-07,80.04,81.67,79.75,81.43,81.15,65318
2024-05-08,81.185,81.56,80.3,81.105,80.83,74901
2024-05-09,81.38,82.75,81.38,82.73,82.45,68262
2024-05-10,82.86,83.475,82.735,83.415,83.13,120704
2024-05-13,83.695,83.695,80.635,81.06,80.78,53815
2024-05-14,81.12,81.545,80.305,80.49,80.21,68755
2024-05-15,80.94,82.22,80.3,81.92,81.64,47247
2024-05-16,81.26,81.955,80.915,81.28,81.0,38949
2024-05-17,81.16,81.87,80.69,81.87,81.59,42478
2024-05-20,81.925,82.555,81.525,81.77,81.49,33631
2024-05-21,81.71,81.975,81.24,81.975,81.69,39232
2024-05-22,81.48,81.88,80.39,80.575,80.3,61181
2024-05-23,80.8,80.82,79.24,79.325,79.05,64495
2024-05-24,79.585,80.25,79.0,79.81,79.54,78657
2024-05-28,79.51,79.57,78.575,78.79,78.52,45165
2024-05-29,78.08,78.895,78.08,78.48,78.21,63710
2024-05-30,78.05,78.885,76.955,78.54,78.27,74619
2024-05-31,78.67,78.67,76.96,77.99,77.72,62116
2024-06-03,77.965,78.57,76.35,77.175,76.91,109585
2024-06-04,77.065,77.72,76.42,77.58,77.31,44496
2024-06-05,77.5,77.5,76.7,76.97,76.71,73277
2024-06-06,76.125,77.135,75.795,77.025,76.76,77875
2024-06-07,76.47,77.02,76.02,76.28,76.02,52245
2024-06-10,75.87,75.88,75.235,75.79,75.53,62510
2024-06-11,75.47,75.47,74.515,74.68,74.42,97628
2024-06-12,75.22,76.21,75.2,75.89,75.63,82572
2024-06-13,75.285,77.3,75.17,77.08,76.82,72654
2024-06-14,76.23,76.61,75.13,76.49,76.23,41516
2024-06-17,76.155,77.85,76.0,77.53,77.26,77059
2024-06-18,77.18,78.635,77.18,78.24,77.97,93126
2024-06-20,78.22,80.04,78.22,79.45,79.18,70046
2024-06-21,79.975,79.975,78.53,79.17,78.9,35402
2024-06-24,79.14,79.59,78.73,78.89,78.62,48227
2024-06-25,78.85,79.28,78.39,78.83,78.56,65718
2024-06-26,78.69,79.27,77.965,77.98,77.71,59921
2024-06-27,78.14,79.09,77.95,78.83,78.56,95407
2024-06-28,79.395,79.58,77.26,77.885,77.62,83728
2024-07-01,78.09,78.09,76.23,76.23,75.97,97753
2024-07-02,76.37,76.69,75.765,76.305,76.04,46816
2024-07-03,76.52,77.24,76.52,77.23,76.97,41775
2024-07-05,77.06,77.2,76.55,77.05,76.79,52255
2024-07-08,77.025,77.56,76.325,76.325,76.06,55132
2024-07-09,76.35,76.99,75.76,76.88,76.62,47571
2024-07-10,77.0,79.22,77.0,79.13,78.86,73770
2024-07-11,79.52,80.705,79.265,79.955,79.68,132161
2024-07-12,80.19,81.32,80.05,80.28,80.01,67203
2024-07-15,80.23,80.6,79.86,80.21,79.94,90545
2024-07-16,80.325,82.945,80.325,82.66,82.38,149866
2024-07-17,82.86,83.6,81.97,82.47,82.19,73534
2024-07-18,81.855,83.505,80.91,80.97,80.69,116884
2024-07-19,81.17,81.18,79.96,80.47,80.22,40035
2024-07-22,81.01,81.38,80.205,81.23,80.98,48481
2024-07-23,80.88,81.12,80.54,80.84,80.59,30454
2024-07-24,80.915,81.37,79.66,79.7,79.46,74253
2024-07-25,80.24,81.02,79.75,79.93,79.69,38173
2024-07-26,80.2,81.365,80.2,80.5,80.25,49970
2024-07-29,80.77,82.445,80.75,82.05,81.8,222379
2024-07-30,82.53,84.07,81.02,82.695,82.44,167628
2024-07-31,80.8,88.145,80.55,84.58,84.32,510077
2024-08-01,84.635,84.635,82.28,83.385,83.13,159264
2024-08-02,83.07,83.52,80.8,83.47,83.22,88850
2024-08-05,82.195,82.195,79.94,81.505,81.26,115058
2024-08-06,81.41,82.84,81.41,81.63,81.38,62006
2024-08-07,82.445,82.445,78.81,79.35,79.11,36006
2024-08-08,80.2,82.4,80.2,82.36,82.11,47645
2024-08-09,81.85,83.46,81.465,83.44,83.19,36124
2024-08-12,82.61,82.84,81.72,82.39,82.14,39272
2024-08-13,83.035,84.43,82.6,84.16,83.9,53918
2024-08-14,83.94,83.94,82.8,83.47,83.22,32737
2024-08-15,84.79,85.94,84.695,85.27,85.01,89271
2024-08-16,84.71,85.145,84.2,84.81,84.55,48015
2024-08-19,84.365,85.6,84.365,85.6,85.34,47947
2024-08-20,85.51,85.52,83.855,83.94,83.68,36623
2024-08-21,84.21,84.525,83.8,84.45,84.19,23280
2024-08-22,84.705,84.725,83.985,84.4,84.14,22467
2024-08-23,84.78,85.54,84.01,84.75,84.49,56618
2024-08-26,85.03,85.355,84.2,84.49,84.23,38550
2024-08-27,84.15,84.7,84.15,84.38,84.12,34342
2024-08-28,84.25,84.345,83.4,83.92,83.66,37829
2024-08-29,84.49,84.95,83.795,84.125,83.87,46166
2024-08-30,84.5,84.865,83.63,84.82,84.56,55647
2024-09-03,84.51,85.515,84.39,84.79,84.53,43628
2024-09-04,84.525,87.69,84.525,87.58,87.31,50604
2024-09-05,87.32,88.44,86.68,87.32,87.05,62311
2024-09-06,87.485,87.635,85.05,85.11,84.85,46327
2024-09-09,85.24,86.365,84.76,85.13,84.87,33219
2024-09-10,84.87,85.71,84.87,85.54,85.28,55586
2024-09-11,85.1,87.34,83.18,87.15,86.88,78618
2024-09-12,87.08,87.455,86.09,87.44,87.17,36295
2024-09-13,86.445,87.115,85.755,86.91,86.64,603657
2024-09-16,87.1,87.2,85.88,86.64,86.38,124485
2024-09-17,86.645,88.19,86.385,86.81,86.55,175974
2024-09-18,87.34,89.68,87.04,88.54,88.27,102015
2024-09-19,89.38,90.775,88.83,90.63,90.35,89724
2024-09-20,90.185,91.13,89.66,90.29,90.01,105582
2024-09-23,90.425,91.57,90.37,90.86,90.58,77663
2024-09-24,90.95,92.28,89.88,92.21,91.93,170124
2024-09-25,92.44,93.53,92.245,93.01,92.73,171702
2024-09-26,91.145,92.7,89.48,92.48,92.2,226959
2024-09-27,92.59,94.455,91.9,91.96,91.68,189979
2024-09-30,92.78,94.19,92.49,93.83,93.54,104762
2024-10-01,93.76,93.76,91.21,91.67,91.39,63693
2024-10-02,91.385,92.46,90.99,91.04,90.76,45980
2024-10-03,90.64,90.745,89.55,89.84,89.57,44504
2024-10-04,90.65,91.46,89.95,91.4,91.12,70003
2024-10-07,90.56,91.3,89.78,90.09,89.82,77261
2024-10-08,90.3,90.97,89.9,90.65,90.37,102117
2024-10-09,90.725,91.01,90.0,90.78,90.5,53003
2024-10-10,90.21,90.86,89.83,90.245,89.97,75791
2024-10-11,90.69,91.6,90.425,91.02,90.74,60750
2024-10-14,91.05,91.8,90.63,91.62,91.34,49192
2024-10-15,91.73,91.87,90.62,90.68,90.4,57121
2024-10-16,90.385,90.89,89.97,90.23,89.95,55453
2024-10-17,90.55,90.88,90.29,90.84,90.56,39548
2024-10-18,90.46,91.565,89.985,91.34,91.09,57960
2024-10-21,91.21,91.32,89.53,89.78,89.54,42237
2024-10-22,89.26,89.56,87.695,89.29,89.05,93863
2024-10-23,89.25,90.28,88.15,89.27,89.03,53346
2024-10-24,89.47,89.705,88.605,88.89,88.65,39931
2024-10-25,88.76,89.64,88.32,88.4,88.16,52041
2024-10-28,86.08,86.93,84.9,85.89,85.66,184255
2024-10-29,85.705,86.67,85.02,85.31,85.08,216490
2024-10-30,89.74,90.16,85.85,87.19,86.95,196793
2024-10-31,86.71,88.145,86.49,87.37,87.13,102025
2024-11-01,87.515,88.29,86.795,86.91,86.67,131001
2024-11-04,87.62,87.69,86.55,87.01,86.77,34556
2024-11-05,87.11,88.18,87.11,88.18,87.94,44363
2024-11-06,89.9,89.9,85.12,86.75,86.51,151273
2024-11-07,87.63,88.85,87.18,88.25,88.01,80150
2024-11-08,88.825,88.905,85.86,85.94,85.71,411750
2024-11-11,86.3,87.025,84.49,85.4,85.17,237889
2024-11-12,85.48,85.8,84.785,84.94,84.71,228015
2024-11-13,84.945,85.315,83.285,84.2,83.97,134202
2024-11-14,83.69,84.66,82.7,82.9,82.67,112420
2024-11-15,82.81,82.81,81.52,81.74,81.52,169133
2024-11-18,81.885,83.46,81.885,82.74,82.51,150241
2024-11-19,82.34,83.22,81.89,82.51,82.29,126214
2024-11-20,82.645,85.26,82.645,84.9,84.67,202394
2024-11-21,84.69,85.21,81.84,81.96,81.74,276253
2024-11-22,81.92,82.54,80.57,82.42,82.2,214525
2024-11-25,83.11,83.445,81.93,82.67,82.45,132853
2024-11-26,82.7,83.36,82.405,82.51,82.29,77561
2024-11-27,82.85,83.9,82.79,83.03,82.8,70744
2024-11-29,83.19,83.505,82.93,83.22,82.99,43924
2024-12-02,82.725,83.25,82.405,83.08,82.85,124427
2024-12-03,82.56,83.02,82.08,82.58,82.36,89260
2024-12-04,82.615,83.18,82.595,82.99,82.76,68149
2024-12-05,82.98,83.28,81.39,81.55,81.33,120534
2024-12-06,81.48,81.79,80.475,81.22,81.0,134636
2024-12-09,81.37,82.07,81.155,81.88,81.66,105911
2024-12-10,82.485,82.98,81.645,82.38,82.16,106348
2024-12-11,82.05,83.3,81.82,82.75,82.52,148964
2024-12-12,81.89,82.205,80.85,81.64,81.42,105091
2024-12-13,81.025,81.4,80.65,81.1,80.88,120235
2024-12-16,80.685,81.68,80.09,80.29,80.07,124776
2024-12-17,80.255,80.74,79.21,79.24,79.02,110673
2024-12-18,79.35,80.345,76.98,77.06,76.85,141420
2024-12-19,77.63,78.155,77.01,77.42,77.21,143927
2024-12-20,76.96,78.99,76.93,78.89,78.68,164369
2024-12-23,78.735,78.78,77.84,77.92,77.71,10511
2024-12-24,79.32,79.39,78.74,79.33,79.11,27770
2024-12-26,78.975,80.15,78.975,79.7,79.48,74361
2024-12-27,79.32,79.85,78.93,79.54,79.32,79989
2024-12-30,78.84,78.915,77.63,78.595,78.38,105465
2024-12-31,78.905,79.02,77.97,78.2,77.99,87820
2025-01-02,78.6,78.74,77.73,78.44,78.23,99090
2025-01-03,78.44,80.62,78.43,80.51,80.29,91092
2025-01-06,80.495,82.345,80.495,81.74,81.52,147993
2025-01-07,82.06,83.44,82.06,83.375,83.15,184814
2025-01-08,84.49,87.28,84.395,86.29,86.06,230472
2025-01-10,85.35,86.04,84.445,84.77,84.54,146730
2025-01-13,84.99,85.545,84.015,85.35,85.12,114032
2025-01-14,85.715,85.93,83.845,84.14,83.95,119471
2025-01-15,85.195,86.25,82.95,83.65,83.46,201586
2025-01-16,83.67,85.33,83.415,84.98,84.78,72559
2025-01-17,86.32,86.32,84.61,84.77,84.57,148995
2025-01-21,85.0,87.62,85.0,87.34,87.14,114767
2025-01-22,87.21,88.27,87.2,87.31,87.11,63490
2025-01-23,87.25,88.67,87.075,88.18,87.98,60793
2025-01-24,87.32,88.78,87.06,88.675,88.47,99739
2025-01-27,89.15,89.68,88.29,89.0,88.79,92540
2025-01-28,88.55,89.2,87.715,87.76,87.56,82194
2025-01-29,87.79,88.6,87.56,87.83,87.63,70120
2025-01-30,88.55,89.74,88.52,89.53,89.32,56456
2025-01-31,89.125,89.785,88.22,88.3,88.1,63738
2025-02-03,87.41,88.49,86.36,87.49,87.29,109075
2025-02-04,87.325,88.0,86.77,86.915,86.71,76237
2025-02-05,87.0,87.765,86.44,87.14,86.94,139896
2025-02-06,87.455,90.6,87.455,88.56,88.36,203069
2025-02-07,88.805,89.25,87.5,87.67,87.47,65322
2025-02-10,88.18,88.28,86.925,87.49,87.29,124271
2025-02-11,87.04,87.865,86.78,87.02,86.82,83646
2025-02-12,86.06,86.53,85.595,85.85,85.65,157663
2025-02-13,90.13,94.755,89.88,93.45,93.23,423607
2025-02-14,92.95,93.075,91.225,92.21,92.0,140862
2025-02-18,92.135,93.19,92.125,92.7,92.49,117016
2025-02-19,92.22,93.11,91.61,92.49,92.28,126349
2025-02-20,92.33,93.0,91.54,92.12,91.91,125759
2025-02-21,91.48,91.54,90.45,91.14,90.93,98848
2025-02-24,90.9,91.645,90.425,90.515,90.31,99386
2025-02-25,91.035,91.31,90.05,90.825,90.62,158258
2025-02-26,90.275,91.63,90.16,90.73,90.52,83611
2025-02-27,90.43,92.095,89.28,89.45,89.24,202661
2025-02-28,90.025,90.055,85.9,87.36,87.16,229070
2025-03-03,87.425,88.975,86.295,86.425,86.23,157585
2025-03-04,86.62,86.62,82.75,84.35,84.15,206321
2025-03-05,84.08,85.4,83.79,84.76,84.56,220446
2025-03-06,84.0,85.83,83.72,85.42,85.22,200460
2025-03-07,85.56,86.94,84.76,86.53,86.33,290115
2025-03-10,85.77,87.275,84.87,85.34,85.14,135270
2025-03-11,87.18,89.19,84.985,85.57,85.37,209308
2025-03-12,86.01,86.01,83.77,83.78,83.59,138338
2025-03-13,83.65,84.08,81.17,81.44,81.25,217848
2025-03-14,82.08,82.325,80.45,81.94,81.75,185036
2025-03-17,82.175,82.89,81.655,82.47,82.28,109336
2025-03-18,82.195,82.345,81.285,82.145,81.96,84019
2025-03-19,82.095,82.61,81.8,82.39,82.2,113984
2025-03-20,81.895,82.65,81.56,81.8,81.61,106518
2025-03-21,81.215,81.81,80.17,81.46,81.27,83599
2025-03-24,82.125,82.65,81.49,81.67,81.48,176554
2025-03-25,81.985,82.81,81.49,82.49,82.3,240061
2025-03-26,82.535,82.81,80.5,80.97,80.78,157539
2025-03-27,81.63,82.78,81.25,81.65,81.46,187300
2025-03-28,81.57,81.685,79.79,80.01,79.83,132375
2025-03-31,79.745,81.01,79.21,80.67,80.48,163592
2025-04-01,80.54,80.83,79.36,79.54,79.36,118186
2025-04-02,78.995,79.855,78.79,79.34,79.16,113920
2025-04-03,76.49,76.49,70.51,71.78,71.61,606482
2025-04-04,63.43,63.78,58.05,60.49,60.35,1861419
2025-04-07,60.565,63.69,58.97,60.955,60.81,617113
2025-04-08,63.01,64.43,58.05,58.72,58.58,378349
2025-04-09,57.72,65.42,57.69,65.0,64.85,281379
2025-04-10,64.055,64.055,59.83,62.3,62.16,164908
2025-04-11,62.23,63.56,60.94,62.78,62.63,280864
2025-04-14,64.68,64.68,63.28,64.38,64.23,242822
2025-04-15,64.355,64.75,62.69,63.1,62.95,179217
2025-04-16,63.4,63.68,60.73,61.49,61.35,188083
2025-04-17,62.46,62.785,61.805,62.35,62.21,198365
2025-04-21,61.46,61.46,60.01,60.49,60.35,103265
2025-04-22,61.54,62.32,60.8,61.62,61.48,152890
2025-04-23,64.5,67.08,64.375,64.86,64.71,322353
2025-04-24,65.145,67.37,65.125,67.055,66.9,314912
2025-04-25,68.87,70.71,67.93,68.41,68.29,287617
2025-04-28,68.4,68.765,67.29,68.06,67.94,211426
2025-04-29,68.195,68.5,67.12,68.06,67.94,182845
2025-04-30,72.19,72.21,69.88,70.32,70.19,393036
2025-05-01,70.65,70.765,67.64,67.68,67.56,334499
2025-05-02,69.865,71.21,69.46,70.5,70.37,313740
2025-05-05,69.28,70.59,69.2,69.4,69.28,237540
2025-05-06,68.735,68.85,67.08,67.08,66.96,170803
2025-05-07,67.425,69.28,67.01,68.82,68.7,259738
2025-05-08,69.48,71.37,69.27,70.5,70.37,330865
2025-05-09,71.08,71.67,69.8,69.86,69.73,240042
2025-05-12,77.095,77.62,73.52,74.1,73.97,300204
2025-05-13,74.2,75.67,73.765,73.87,73.74,245155
2025-05-14,73.48,73.855,72.77,72.81,72.68,115137
2025-05-15,72.64,73.04,71.59,72.935,72.8,123785
2025-05-16,72.75,73.22,72.085,73.11,72.98,108887
2025-05-19,72.4,73.23,71.885,73.105,72.97,88142
2025-05-20,72.75,72.945,71.79,71.84,71.71,164687
2025-05-21,71.34,71.415,69.475,69.575,69.45,89130
2025-05-22,69.315,70.115,68.24,69.42,69.3,103781
2025-05-23,68.675,69.35,68.47,69.18,69.06,85249
2025-05-27,70.35,71.37,69.895,71.01,70.88,127142
2025-05-28,71.13,71.36,70.51,71.16,71.03,75448
2025-05-29,71.6,71.97,70.88,71.52,71.39,121695
2025-05-30,70.725,70.78,69.605,70.51,70.38,143155
2025-06-02,70.45,70.45,69.91,70.125,70.0,161497
2025-06-03,69.955,71.3,69.375,71.15,71.02,84644
2025-06-04,71.285,71.55,71.0,71.16,71.03,59903
2025-06-05,71.315,71.935,70.89,71.55,71.42,130735
2025-06-06,72.1,72.425,70.88,71.62,71.49,87653
2025-06-09,71.815,72.98,71.475,71.67,71.54,87687
2025-06-10,72.06,74.075,71.805,73.92,73.79,137433
2025-06-11,73.73,73.86,72.86,73.38,73.25,98234
2025-06-12,72.875,73.78,72.335,73.115,72.98,130807
2025-06-13,72.16,72.79,71.925,72.25,72.12,95016
2025-06-16,72.29,73.11,71.8,72.85,72.72,119620
2025-06-17,72.44,72.605,70.91,71.14,71.01,124610
2025-06-18,71.25,72.11,71.025,71.89,71.76,133077
2025-06-20,72.41,72.53,71.22,71.24,71.11,94289
2025-06-23,70.8,71.285,69.5,71.13,71.0,84920
2025-06-24,71.615,72.285,71.45,71.965,71.84,269439
2025-06-25,72.23,72.845,71.12,72.735,72.6,200159
2025-06-26,73.46,75.29,73.46,74.855,74.72,142989
2025-06-27,75.44,75.475,74.16,74.39,74.26,150057
2025-06-30,73.87,74.545,73.58,74.06,73.93,122828
2025-07-01,73.735,76.77,73.735,75.945,75.81,145061
2025-07-02,75.86,76.14,75.49,76.12,75.98,91732
2025-07-03,76.31,76.38,75.7,76.015,75.88,43533
2025-07-07,75.695,76.475,74.38,74.6,74.47,130727
2025-07-08,74.585,76.67,74.585,75.195,75.06,115004
2025-07-09,75.85,76.075,74.89,75.51,75.37,140528
2025-07-10,75.265,77.305,75.265,76.495,76.36,79251
2025-07-11,75.455,75.685,75.03,75.11,74.98,72881
2025-07-14,74.875,74.875,73.88,74.46,74.33,70007
2025-07-15,74.6,74.6,73.66,74.38,74.25,91305
2025-07-16,74.295,76.2,74.295,75.445,75.31,276610
2025-07-17,75.405,76.57,74.86,76.25,76.11,188546
2025-07-18,76.43,76.65,75.49,75.97,75.83,137101
2025-07-21,75.72,75.78,74.11,74.155,74.02,158464
2025-07-22,74.41,76.775,74.41,76.52,76.38,315403
2025-07-23,77.53,77.58,76.7,77.26,77.12,89478
2025-07-24,77.27,77.77,76.33,76.76,76.62,77396
2025-07-25,76.71,77.82,76.0,77.6,77.5,80308
2025-07-28,77.23,78.75,77.05,77.77,77.67,182071
2025-07-29,78.13,78.5,77.51,77.78,77.68,158450
2025-07-30,73.35,73.885,70.36,71.65,71.55,617108
2025-07-31,72.315,73.01,71.11,71.33,71.23,379404
2025-08-01,70.605,70.79,69.1,69.825,69.73,210745
2025-08-04,70.26,70.91,69.965,70.645,70.55,101920
2025-08-05,71.23,71.52,70.52,70.71,70.62,164464
2025-08-06,70.61,70.895,69.59,69.97,69.88,141007
2025-08-07,70.78,71.45,70.04,71.105,71.01,174603
2025-08-08,71.32,72.08,71.01,72.0,71.9,116882
2025-08-11,72.25,73.325,72.22,72.98,72.88,123915
2025-08-12,73.16,74.57,73.16,74.43,74.33,76299
2025-08-13,74.795,75.43,74.59,75.31,75.21,122602
2025-08-14,74.71,74.89,73.255,73.68,73.58,130067
2025-08-15,73.875,74.495,73.08,73.42,73.32,111549
2025-08-18,73.18,73.74,72.94,73.17,73.07,82972
2025-08-19,72.86,74.03,72.74,73.97,73.87,121313
2025-08-20,74.05,74.35,73.63,73.87,73.77,63833
2025-08-21,73.57,74.03,72.975,73.14,73.04,59097
2025-08-22,73.97,75.53,73.92,75.21,75.11,120724
2025-08-25,74.94,74.95,74.0,74.61,74.51,86407
2025-08-26,74.43,74.685,73.77,74.1,74.0,50993
2025-08-27,73.875,74.425,73.77,74.23,74.13,68437
2025-08-28,74.4,74.4,73.22,73.71,73.61,72090
2025-08-29,73.27,74.145,73.27,73.72,73.62,53576
2025-09-02,72.955,73.07,71.15,71.6,71.5,143518
2025-09-03,71.915,72.66,71.65,72.38,72.28,151631
2025-09-04,72.39,74.13,71.635,74.12,74.02,84296
2025-09-05,74.7,75.75,74.45,75.73,75.63,129760
2025-09-08,76.14,78.425,75.08,78.16,78.06,271919
2025-09-09,77.785,78.88,77.59,78.69,78.58,221698
2025-09-10,78.65,79.685,75.67,76.05,75.95,178425
2025-09-11,75.72,78.39,75.65,77.94,77.84,108586
2025-09-12,77.37,77.565,76.41,76.41,76.31,83374
2025-09-15,76.705,78.23,76.535,77.75,77.65,121560
2025-09-16,78.32,78.365,77.38,77.505,77.4,113132
2025-09-17,77.825,78.62,76.23,76.64,76.54,109915
2025-09-18,76.85,77.0,73.76,73.995,73.9,176870
2025-09-19,74.63,75.535,74.505,74.915,74.81,162865
2025-09-22,74.6,75.045,73.8,74.755,74.66,82440
2025-09-23,74.705,75.395,74.495,74.595,74.5,77680
2025-09-24,74.65,75.035,73.68,73.95,73.85,79921
2025-09-25,72.685,72.685,69.795,71.495,71.4,385428
2025-09-26,71.99,72.93,71.99,72.445,72.35,86955
2025-09-29,72.85,73.62,72.61,73.05,72.95,111398
2025-09-30,72.955,75.26,72.91,75.09,74.99,346761
2025-10-01,74.73,76.32,74.235,75.5,75.4,187554
2025-10-02,74.93,76.85,74.88,76.84,76.74,106163
2025-10-03,77.34,77.93,76.44,76.55,76.45,110332
2025-10-06,76.595,76.7,75.935,76.4,76.3,58544
2025-10-07,74.98,75.425,74.295,74.47,74.37,124952
2025-10-08,74.44,75.18,73.85,75.115,75.01,124549
2025-10-09,74.665,75.19,73.815,74.21,74.11,72373
2025-10-10,74.425,74.52,70.04,71.01,70.92,302117
2025-10-13,71.985,72.81,71.745,71.82,71.72,88232
2025-10-14,71.29,73.09,71.29,72.35,72.25,94517
2025-10-15,72.945,73.87,72.315,73.26,73.16,86940
2025-10-16,73.71,74.15,72.77,73.385,73.29,60499
2025-10-17,72.65,74.17,72.65,74.08,73.98,55823
2025-10-20,74.12,75.9,74.105,75.5,75.4,102500
2025-10-21,75.395,76.55,75.36,76.13,76.03,61376
2025-10-22,75.965,77.115,75.72,76.14,76.04,91404
2025-10-23,76.19,77.38,75.91,77.255,77.15,121081
2025-10-24,77.58,78.31,77.22,78.17,78.1,115440
2025-10-27,78.535,79.07,78.295,78.345,78.28,160350
2025-10-28,78.18,79.745,77.92,79.54,79.47,282841
2025-10-29,74.59,78.37,73.89,77.39,77.32,313539
2025-10-30,77.225,77.235,74.79,75.04,74.97,138840
2025-10-31,74.22,75.145,73.62,74.88,74.81,112840
2025-11-03,74.7,75.79,73.655,74.46,74.39,305271
2025-11-04,74.15,75.365,74.15,74.3,74.23,105361
2025-11-05,73.81,76.81,73.31,75.61,75.54,192084
2025-11-06,75.4,76.19,74.045,74.175,74.11,119180
2025-11-07,74.025,74.025,72.7,73.04,72.98,182088
2025-11-10,73.47,73.705,72.22,73.475,73.41,181587
2025-11-11,73.69,74.36,72.95,73.385,73.32,145239
2025-11-12,73.715,75.3,73.5,74.99,74.92,113240
2025-11-13,74.315,75.515,73.92,73.96,73.89,75942
2025-11-14,73.77,74.025,72.675,73.14,73.08,123687
2025-11-17,72.345,72.97,70.3,70.6,70.54,196139
2025-11-18,70.48,71.39,70.06,71.0,70.94,143589
2025-11-19,71.21,72.335,70.89,72.32,72.26,191894
2025-11-20,73.305,75.33,73.08,74.71,74.64,281049
2025-11-21,75.085,77.09,73.425,76.425,76.36,342315
2025-11-24,77.375,79.0,76.735,78.205,78.14,312662
2025-11-25,78.3,81.9,78.3,79.955,79.88,187255
2025-11-26,79.825,81.18,79.825,80.63,80.56,114492
2025-11-28,80.26,80.29,79.7,80.01,79.94,49914
2025-12-01,79.31,80.28,79.09,79.24,79.17,92691
2025-12-02,79.6,80.73,79.49,80.22,80.15,112359
2025-12-03,80.575,84.11,80.415,83.6,83.53,327845
2025-12-04,83.36,83.655,81.61,82.52,82.45,166610
2025-12-05,82.93,85.545,82.85,85.49,85.41,170656
2025-12-08,85.38,85.86,82.58,83.08,83.01,134467
2025-12-09,83.115,83.57,82.72,83.02,82.95,81709
2025-12-10,82.87,84.855,82.51,84.47,84.4,110400
2025-12-11,84.325,86.185,84.195,86.07,85.99,174405
2025-12-12,85.66,85.66,83.58,83.93,83.86,126400
2025-12-15,84.57,85.055,83.62,84.41,84.34,155858
2025-12-16,84.365,84.4,81.74,82.22,82.15,158112
2025-12-17,82.305,83.525,82.23,82.36,82.29,126949
2025-12-18,82.89,83.43,82.34,82.53,82.46,94169
2025-12-19,82.995,83.64,82.67,82.9,82.83,103982
2025-12-22,83.25,84.18,83.125,83.915,83.84,111435
2025-12-23,83.59,84.01,83.23,83.32,83.25,77328
2025-12-24,83.42,83.555,83.17,83.375,83.3,38170
2025-12-26,83.515,83.96,83.28,83.61,83.54,47365
2025-12-29,83.59,83.945,82.92,83.145,83.07,48850
2025-12-30,83.02,83.56,83.02,83.34,83.27,87060
2025-12-31,82.79,83.075,81.98,82.01,81.94,35299
2026-01-02,82.9,83.57,82.2,82.84,82.77,63517
2026-01-05,82.83,85.47,82.46,85.01,84.93,93492
2026-01-06,84.75,87.165,84.75,86.755,86.68,109539
2026-01-07,86.79,87.22,85.39,85.76,85.68,140214
2026-01-08,84.92,89.77,84.92,88.145,88.07,228006
2026-01-09,87.83,88.27,85.49,87.275,87.23,148252
2026-01-12,86.655,87.11,85.41,86.88,86.84,97076
2026-01-13,87.055,87.37,84.48,84.755,84.71,177418
2026-01-14,83.97,85.4,83.64,85.31,85.27,178985
2026-01-15,84.21,84.25,82.435,82.51,82.47,300525
2026-01-16,82.55,82.58,81.16,81.725,81.69,197068
2026-01-20,79.7,79.86,78.325,78.845,78.81,255825
2026-01-21,79.79,81.24,79.23,81.13,81.09,194007
2026-01-22,81.48,83.17,81.42,81.885,81.85,221955
2026-01-23,81.3,81.785,79.58,79.77,79.73,104905
2026-01-26,79.605,81.02,79.605,80.265,80.23,119497
2026-01-27,80.045,80.94,79.88,80.3,80.26,83593
2026-01-28,80.07,80.13,79.165,79.275,79.24,68164
2026-01-29,79.51,79.51,77.68,78.745,78.71,163017
2026-01-30,78.62,79.04,78.07,78.975,78.94,120116
2026-02-02,78.3,80.22,78.3,80.13,80.09,118528
2026-02-03,79.62,80.75,78.3,78.8,78.76,190193
2026-02-04,79.29,85.51,79.29,82.58,82.54,349681
2026-02-05,82.55,83.855,82.0,82.34,82.3,237752
2026-02-06,83.04,83.27,80.56,80.64,80.6,165709
2026-02-09,80.1,80.285,78.61,79.08,79.04,106207
2026-02-10,79.205,80.53,79.13,79.21,79.17,127820
2026-02-11,79.01,79.45,78.3,79.16,79.12,149210
2026-02-12,79.605,79.605,76.69,78.65,78.61,145683
2026-02-13,78.79,82.055,78.66,80.34,80.3,278168
2026-02-17,80.095,82.635,80.095,81.63,81.59,180160
2026-02-18,81.62,83.175,81.19,82.895,82.85,145659
2026-02-19,82.56,83.08,81.715,83.005,82.96,106956
2026-02-20,83.31,87.12,83.13,84.22,84.18,262955
2026-02-23,83.88,84.66,82.61,83.84,83.8,151765
2026-02-24,83.685,85.155,83.685,84.08,84.04,93115
2026-02-25,84.18,84.84,83.23,84.01,83.97,119718
2026-02-26,84.15,84.65,82.885,83.895,83.85,112327
2026-02-27,83.36,84.64,83.22,84.2,84.16,92867
2026-03-02,82.91,82.91,79.63,80.135,80.1,136977
2026-03-03,78.12,79.19,77.305,78.07,78.03,217414
2026-03-04,78.38,79.2,77.845,79.04,79.0,79314
2026-03-05,78.04,78.23,75.595,77.11,77.07,117182
2026-03-06,75.89,75.89,74.2,74.25,74.21,103688
2026-03-09,73.17,75.905,72.65,75.6,75.56,96481
2026-03-10,75.05,75.05,71.76,72.735,72.7,222877
2026-03-11,72.6,73.18,71.94,72.64,72.6,105719
2026-03-12,71.93,72.125,69.22,70.335,70.3,249298
2026-03-13,70.82,71.05,70.165,70.79,70.76,233690
2026-03-16,71.73,72.53,71.36,72.215,72.18,186327
2026-03-17,73.3,73.86,72.045,72.415,72.38,134519
2026-03-18,71.57,72.05,70.175,70.245,70.21,213722
2026-03-19,69.53,71.01,69.53,70.355,70.32,291942
2026-03-20,69.87,70.28,69.02,69.65,69.62,135351
2026-03-23,71.69,72.48,70.99,71.64,71.61,143690
2026-03-24,70.77,71.72,70.695,70.965,70.93,281192
2026-03-25,73.0,73.025,71.83,72.135,72.1,195692
2026-03-26,71.925,73.5,71.36,71.56,71.53,252257
2026-03-27,71.0,71.0,69.205,69.21,69.18,125503
2026-03-30,70.08,70.36,68.49,68.765,68.73,150256
2026-03-31,69.77,71.38,68.76,71.14,71.11,119613
2026-04-01,71.26,72.13,71.12,71.95,71.92,93948
2026-04-02,70.19,72.025,69.825,70.375,70.375,98843
2026-04-06,70.29,70.68,69.89,70.4,70.4,98512
2026-04-07,70.435,70.655,68.985,69.75,69.75,177171
2026-04-08,73.15,74.08,72.85,73.755,73.755,213018
2026-04-09,72.58,73.205,71.3,72.92,72.92,159906
2026-04-10,73.29,73.69,72.59,73.185,73.185,105739
2026-04-13,72.52,73.94,72.15,73.84,73.84,75458
2026-04-14,74.005,75.075,74.005,74.68,74.68,74368
2026-04-15,74.68,75.06,73.455,73.495,73.495,140024
2026-04-16,73.67,74.01,72.87,73.2,73.2,113685
2026-04-17,74.845,75.92,74.395,74.65,74.65,168622
2026-04-20,74.03,75.11,73.865,74.16,74.16,101462
2026-04-21,73.95,74.64,72.08,72.265,72.265,128497
2026-04-22,72.8,72.8,70.94,71.39,71.39,180304
2026-04-23,70.89,71.04,69.36,69.88,69.88,182473
2026-04-24,69.465,69.465,68.54,68.83,68.83,161831
2026-04-27,69.18,70.815,69.18,70.485,70.485,255802
2026-04-28,70.69,70.7,68.4,68.5,68.5,286821
2026-04-29,62.225,62.73,58.755,59.49,59.49,1495689
2026-04-30,59.305,61.03,59.225,60.81,60.81,462720
2026-05-01,61.11,61.45,59.82,61.01,61.01,948723
2026-05-04,60.74,62.52,60.71,61.02,61.02,295584
2026-05-05,61.23,61.395,60.165,61.055,61.055,232648
2026-05-06,62.025,62.655,61.13,61.73,61.73,355128
2026-05-07,61.83,62.2,61.22,61.325,61.325,184598
2026-05-08,62.515,63.475,62.01,63.445,63.445,453691
2026-05-11,63.17,64.33,61.515,61.7,61.7,329420
2026-05-12,62.17,62.77,61.74,62.28,62.28,225559
2026-05-13,61.24,62.325,61.09,61.885,61.885,307104
2026-05-14,62.14,63.24,62.115,62.675,62.675,283501
2026-05-15,62.53,62.53,60.685,60.755,60.755,298632
2026-05-18,61.065,62.555,60.98,61.49,61.49,248381
2026-05-19,61.475,62.365,61.26,61.595,61.595,283326
2026-05-20,61.81,64.38,61.02,64.26,64.26,402344
2026-05-21,64.01,65.0,62.8,64.34,64.34,341650
2026-05-22,64.5,65.04,63.93,64.245,64.245,209429
2026-05-26,64.38,65.08,63.73,64.175,64.175,176360
2026-05-27,65.0,65.415,63.34,63.88,63.88,222711
2026-05-28,63.0,63.66,62.385,62.86,62.86,290954
2026-05-29,62.85,63.035,62.21,62.35,62.35,198805
2026-06-01,61.955,62.73,60.95,62.715,62.715,181726
2026-06-02,62.13,62.37,61.565,61.98,61.98,179652
2026-06-03,61.8,62.11,60.745,62.035,62.035,145399
2026-06-04,62.63,64.7,62.56,63.805,63.805,185527
2026-06-05,63.6,64.78,63.58,64.655,64.655,275259
2026-06-08,64.625,65.16,64.355,64.675,64.675,206453
